,Lower.CI,Upper.CI
const,-1.3416992658609095,1.8084129873877246
cube_slope_degrees,-0.5933587635753501,0.9205702661069382
aspect_degrees,-0.004332087743469467,0.006214865175763832
