Estimate,Std.Error,z.value,Pr.z,Odds.Ratio,Odds.Ratio.Lower.CI,Odds.Ratio.Upper.CI,Equation
-1.0409917478915605,0.5329608918279186,-1.9532235176228914,0.05079311555127984,0.35310431778836615,0.12423555217568785,1.0035988656811161,nest_visible_in_satellite_binary ~ aspect_degrees
0.0005929606714933896,0.0026748541517028733,0.22167962732319338,0.8245632905869464,1.0005931365074252,0.9953611357916962,1.0058526386299353,nest_visible_in_satellite_binary ~ aspect_degrees
