Estimate,Std.Error,z.value,Pr.z,Odds.Ratio,Odds.Ratio.Lower.CI,Odds.Ratio.Upper.CI,Equation
-0.8946420024139996,0.7977663321493274,-1.1214336408553012,0.26210332324219965,0.4087539053619472,0.0855858527157784,1.9521889406593635,nest_visible_in_satellite_binary ~ cube_slope_degrees
-0.01727087657326873,0.37819324828414974,-0.045666803021011414,0.9635758235431151,0.9828774101079788,0.468360948708727,2.0626143276119966,nest_visible_in_satellite_binary ~ cube_slope_degrees
