Estimate,Std.Error,z.value,Pr.z,Odds.Ratio,Odds.Ratio.Lower.CI,Odds.Ratio.Upper.CI,Equation
0.31966916860272543,0.7647621141516452,0.417998175756047,0.6759484509996725,1.376672242588059,0.30751327194346495,6.16307208965233,nest_visible_in_satellite_binary ~ cube_slope_degrees
0.20662271414475433,0.36506455916652103,0.5659895187210029,0.5714009056209095,1.2295186042839117,0.6011620938815742,2.5146562194556106,nest_visible_in_satellite_binary ~ cube_slope_degrees
