Estimate,Std.Error,z.value,Pr.z,Odds.Ratio,Odds.Ratio.Lower.CI,Odds.Ratio.Upper.CI,Equation
0.23335686076340745,0.8036148312153483,0.2903839646793101,0.7715225097941143,1.2628320541371392,0.2614011010011098,6.1007577659340315,nest_visible_in_satellite_binary ~ cube_slope_degrees + aspect_degrees
0.16360575126579407,0.38621348188639365,0.4236148113387699,0.67184675171694,1.177749897144483,0.552468553708159,2.5107217612906383,nest_visible_in_satellite_binary ~ cube_slope_degrees + aspect_degrees
0.0009413887161471825,0.002690598654471796,0.3498807652276891,0.7264281829103969,1.0009418319615824,0.9956772822132643,1.0062342175203058,nest_visible_in_satellite_binary ~ cube_slope_degrees + aspect_degrees
