,Lower.CI,Upper.CI
const,-1.1792370318752088,1.8185753690806594
cube_slope_degrees,-0.5088906738536185,0.9221361021431271
