Estimate,Std.Error,z.value,Pr.z,Odds.Ratio,Odds.Ratio.Lower.CI,Odds.Ratio.Upper.CI,Equation
0.49965791897391143,0.5011194590120396,0.997083449840464,0.31872400563745773,1.6481573708913246,0.6172271486644653,4.401009782380934,nest_visible_in_satellite_binary ~ aspect_degrees
0.0013128113971831565,0.0025511199785444565,0.514601981962519,0.6068311798510709,1.0013136735112886,0.9963194978319219,1.0063328831187985,nest_visible_in_satellite_binary ~ aspect_degrees
