,Lower.CI,Upper.CI
const,-0.482518172641882,1.4818340105897048
aspect_degrees,-0.0036872918810045736,0.006312914675370887
