Estimate,Estimate.CI.Lower,Estimate.CI.Upper,Std.Error,z.value,p.value,Odds.Ratio,Odds.Ratio.SE,Odds.Ratio.z,Odds.Ratio.p,Odds.Ratio.CI.Lower,Odds.Ratio.CI.Upper
-1.7667565798351375,-4.178915311708231,0.6454021520379556,1.2307158452399602,-1.4355519892495265,0.15112986461986622,0.17088634717782605,0.2103125352069275,-3.9422930830366583,8.070626916989454e-05,0.015315110681739052,1.9067536799848024
0.03313917338079185,-0.09495393110576168,0.1612322778673454,0.06535482564829538,0.5070654393468832,0.6121089035975235,1.0336943919740742,0.06755691676108633,0.49875562103039334,0.6179515552422714,0.9094148292387881,1.1749578538245775
