observer_ID,precision,recall,f1_score,total_nests,identified_nests,identified_not_matches,total_reference_points
gold standard,0.8857142857142857,0.6739130434782609,0.7654320987654321,46,31,4,35
ref 1,0.9285714285714286,0.5652173913043478,0.7027027027027025,46,26,2,28
ref 2,0.868421052631579,0.717391304347826,0.7857142857142858,46,33,5,38
