,Lower.CI,Upper.CI
const,-2.6088124489402933,0.6876862890134381
cube_slope_degrees,-0.8299989327472266,0.7315670938297938
aspect_degrees,-0.004822399064586471,0.00623036213099319
