,Lower.CI,Upper.CI
const,-2.0855759010426285,0.0035924052595075473
aspect_degrees,-0.00464965712974168,0.005835578472728459
