,Lower.CI,Upper.CI
const,-2.4582352815052992,0.6689512766773003
cube_slope_degrees,-0.7585160224064168,0.7239742692598793
