Estimate,Std.Error,z.value,Pr.z,Odds.Ratio,Odds.Ratio.Lower.CI,Odds.Ratio.Upper.CI,Equation
-0.9605630799634277,0.8409590084195662,-1.1422234262864206,0.2533611608308507,0.3826773473513155,0.07362192166101669,1.989107984033802,nest_visible_in_satellite_binary ~ cube_slope_degrees + aspect_degrees
-0.04921591945871634,0.3983660003179788,-0.12354447774014804,0.9016759558934787,0.9519755574587024,0.4360497516965941,2.0783350029961407,nest_visible_in_satellite_binary ~ cube_slope_degrees + aspect_degrees
0.000703981533203359,0.002819633749079685,0.24967126792021663,0.8028415795046061,1.0007042293863608,0.9951892100330518,1.006249811207752,nest_visible_in_satellite_binary ~ cube_slope_degrees + aspect_degrees
