observer_ID,precision,recall,f1_score,total_nests,identified_nests,identified_not_matches,total_observer_points
ref 1,0.8155339805825242,0.5526315789473685,0.6588235294117648,152,84,19,103
ref 2,0.8225806451612904,0.6710526315789473,0.7391304347826086,152,102,22,124
gold standard,0.8053097345132744,0.5986842105263158,0.6867924528301887,152,91,22,113
