observer_ID,precision,recall,f1_score,total_nests,identified_nests,identified_not_matches,total_reference_points
gold standard,0.8879310344827587,0.6776315789473685,0.7686567164179106,152,103,13,116
ref 1,0.9213483146067416,0.5394736842105263,0.6804979253112033,152,82,7,89
ref 2,0.8916666666666667,0.7039473684210527,0.786764705882353,152,107,13,120
