Variable,VIF
const,29.321394196104478
aspect_degrees,1.0598304965578307
cube_slope_degrees,1.0925076459668854
minimum_age,1.0513668509183935
sex_Male,1.042837301168579
